10138,8.0,F,8/1/1993,23.0,Y,96,OKL,Oklahoma City,Thunder,73,94,40,247,94,49,44,Alex Abrines
9466,4.0,PF,10/6/1990,26.0,N,84,BRO,Brooklyn,Nets,46,80,33,90,37,60,45,Quincy Acy
9390,12.0,C,7/20/1993,23.0,N,96,OKL,Oklahoma City,Thunder,81,652,374,2,0,257,157,Steven Adams
9375,40.0,SG,10/15/1985,31.0,N,103,SAC,Sacramento,Kings,71,269,123,151,62,93,83,Arron Afflalo
9357,42.0,C,5/6/1988,29.0,N,110,NOP,New Orleans,Pelicans,55,174,89,4,0,40,29,Alexis Ajinca
9272,45.0,C,10/31/1988,28.0,N,100,MIN,Minnesota,Timberwolves,72,86,45,0,0,22,15,Cole Aldrich
9480,12.0,PF,7/19/1985,31.0,N,106,SAS,San Antonio,Spurs,81,993,477,56,23,271,220,LaMarcus Aldridge
9454,34.0,PF,11/15/1995,21.0,N,95,ORL,Orlando,Magic,1,0,0,0,0,0,0,Cliff Alexander
9254,5.0,PF,2/4/1989,28.0,N,87,IND,Indiana,Pacers,73,167,77,1,0,33,23,Lavoy Allen
9299,9.0,SG,1/11/1982,35.0,N,107,MEM,Memphis,Grizzlies,77,541,259,54,15,130,80,Tony Allen
9452,8.0,SF,9/21/1990,26.0,N,97,POR,Portland,Trail Blazers,67,253,113,213,70,136,96,Al-Farouq Aminu
9297,7.0,C,7/6/1978,38.0,N,86,CLE,Cleveland,Cavaliers,20,19,9,3,0,14,10,Chris Andersen
9527,26.0,SG,10/16/1982,34.0,N,102,LAC,Los Angeles,Clippers,46,36,16,44,14,16,12,Alan Anderson
9469,5.0,SG,3/25/1989,28.0,N,103,SAC,Sacramento,Kings,1,0,0,0,0,0,0,James Anderson
9178,1.0,SF,11/18/1993,23.0,N,85,PHI,Philadelphia,76ers,81,243,128,193,58,129,102,Justin Anderson
9475,1.0,SF,9/20/1993,23.0,N,106,SAS,San Antonio,Spurs,81,169,78,40,15,57,45,Kyle Anderson
9353,36.0,PF,5/6/1988,29.0,N,109,HOU,Houston,Rockets,76,266,119,507,205,150,129,Ryan Anderson
9325,34.0,PG,12/6/1994,22.0,N,90,MIL,Milwaukee,Bucks,82,1077,607,180,49,612,471,Giannis Antetokounmpo
9560,43.0,SF,7/18/1992,24.0,N,83,NYK,New York,Knicks,1,0,0,0,0,0,0,Thanasis Antetokounmpo
9369,7.0,SF,5/29/1984,32.0,N,83,NYK,New York,Knicks,79,970,451,420,151,365,304,Carmelo Anthony
9214,50.0,C,8/9/1982,34.0,N,106,SAS,San Antonio,Spurs,28,16,10,0,0,8,5,Joel Anthony
9235,1.0,SF,6/30/1985,31.0,N,109,HOU,Houston,Rockets,82,243,136,554,190,126,93,Trevor Ariza
9198,0.0,PF,3/25/1988,29.0,N,99,DEN,Denver,Nuggets,55,98,42,117,53,22,19,Darrell Arthur
9358,3.0,C,7/4/1986,30.0,N,110,NOP,New Orleans,Pelicans,38,65,31,0,0,39,23,Omer Asik
9190,12.0,PG,11/10/1987,29.0,N,95,ORL,Orlando,Magic,82,243,100,274,95,161,131,D.J. Augustin
9276,19.0,C,4/29/1987,30.0,N,102,LAC,Los Angeles,Clippers,1,0,0,0,0,0,0,Jeff Ayres
9360,5.0,SF,6/20/1989,27.0,N,92,MIA,Miami,Heat,77,71,26,210,87,15,11,Luke Babbitt
10102,31.0,G,3/30/1993,24.0,Y,83,NYK,New York,Knicks,66,132,59,85,23,43,28,Ron Baker
10131,4.0,G,3/29/1996,21.0,Y,107,MEM,Memphis,Grizzlies,42,92,33,22,3,37,31,Wade Baldwin IV
9229,19.0,SG,11/28/1982,34.0,N,104,PHX,Phoenix,Suns,72,295,137,98,35,45,40,Leandro Barbosa
9180,5.0,PG,6/26/1984,32.0,N,108,DAL,Dallas,Mavericks,43,195,89,148,53,51,44,J.J. Barea
9220,40.0,F,5/30/1992,24.0,N,108,DAL,Dallas,Mavericks,80,1058,521,222,78,281,242,Harrison Barnes
9298,22.0,SF,3/9/1980,37.0,N,101,GSW,Golden State,Warriors,79,210,98,263,87,89,70,Matt Barnes
9197,5.0,SG,1/6/1991,26.0,N,99,DEN,Denver,Nuggets,65,432,208,235,87,190,143,Will Barton
9288,2.0,PF,4/30/1985,32.0,N,102,LAC,Los Angeles,Clippers,71,183,106,3,1,88,77,Brandon Bass
9133,5.0,SF,12/14/1988,28.0,N,93,CHA,Charlotte,Hornets,80,569,258,405,135,284,243,Nicolas Batum
9323,19.0,SG,8/20/1988,28.0,N,85,PHI,Philadelphia,76ers,5,27,9,5,2,10,9,Jerryd Bayless
9211,12.0,C,12/9/1986,30.0,N,88,DET,Detroit,Pistons,78,279,143,0,0,94,79,Aron Baynes
9086,24.0,SF,7/1/1989,27.0,N,91,ATL,Atlanta,Hawks,77,456,203,266,92,168,119,Kent Bazemore
9523,3.0,SG,6/28/1993,23.0,N,94,WAS,Washington,Wizards,81,769,414,552,223,342,282,Bradley Beal
10133,25.0,G,11/26/1996,20.0,Y,99,DEN,Denver,Nuggets,41,45,24,28,9,10,8,Malik Beasley
9245,9.0,F,1/9/1989,28.0,N,90,MIL,Milwaukee,Bucks,61,362,198,43,18,105,78,Michael Beasley
9470,33.0,SG,3/25/1986,31.0,N,93,CHA,Charlotte,Hornets,76,333,162,282,102,168,150,Marco Belinelli
10156,95.0,F,7/4/1994,22.0,Y,91,ATL,Atlanta,Hawks,56,80,46,18,1,16,6,DeAndre' Bembry
10143,35.0,F,11/17/1997,19.0,Y,104,PHX,Phoenix,Suns,50,60,29,101,28,11,4,Dragan Bender
9544,13.0,PF,3/14/1993,24.0,N,84,BRO,Brooklyn,Nets,31,44,25,48,13,36,26,Anthony Bennett
11964,,PF,3/29/1995,22.0,N,108,DAL,Dallas,Mavericks,5,2,0,1,0,0,0,Ben Bentil
10109,42.0,F,11/12/1992,24.0,Y,106,SAS,San Antonio,Spurs,81,61,34,173,69,34,28,Davis Bertans
9239,2.0,PG,7/12/1988,28.0,N,109,HOU,Houston,Rockets,70,256,118,287,110,95,73,Patrick Beverley
9497,18.0,C,8/28/1992,24.0,N,95,ORL,Orlando,Magic,81,341,179,0,0,234,125,Bismack Biyombo
9348,88.0,PF,5/9/1988,29.0,N,100,MIN,Minnesota,Timberwolves,67,179,95,177,56,61,45,Nemanja Bjelica
9284,28.0,C,11/22/1991,25.0,N,105,LAL,Los Angeles,Lakers,71,291,149,2,1,109,82,Tarik Black
9428,2.0,PG,12/9/1989,27.0,N,104,PHX,Phoenix,Suns,68,728,345,309,104,458,388,Eric Bledsoe
9114,44.0,SF,4/17/1989,28.0,N,94,WAS,Washington,Wizards,83,453,232,392,144,243,217,Bojan Bogdanovic
9217,12.0,C,11/27/1984,32.0,N,86,CLE,Cleveland,Cavaliers,38,80,38,1,0,11,3,Andrew Bogut
10106,21.0,F,1/28/1994,23.0,Y,98,UTA,Utah,Jazz,25,12,8,4,1,6,3,Joel Bolomboy
9434,1.0,SG,10/30/1996,20.0,N,104,PHX,Phoenix,Suns,82,1025,459,405,147,441,367,Devin Booker
9508,35.0,PF,11/25/1987,29.0,N,84,BRO,Brooklyn,Nets,79,513,280,78,25,110,74,Trevor Booker
9308,1.0,PF,3/24/1984,33.0,N,92,MIA,Miami,Heat,1,0,0,0,0,0,0,Chris Bosh
9097,0.0,SG,11/26/1990,26.0,N,82,BOS,Boston,Celtics,61,498,251,277,108,93,68,Avery Bradley
9240,33.0,SF,3/4/1986,31.0,N,105,LAL,Los Angeles,Lakers,82,230,120,118,27,68,50,Corey Brewer
10127,13.0,G,12/11/1992,24.0,Y,90,MIL,Milwaukee,Bucks,77,442,212,192,78,126,109,Malcolm Brogdon
9154,10.0,PG,1/14/1985,32.0,N,87,IND,Indiana,Pacers,72,172,73,128,48,40,32,Aaron Brooks
9289,21.0,SF,10/10/1992,24.0,N,95,ORL,Orlando,Magic,15,23,11,27,7,0,0,Anthony Brown
10147,8.0,G,9/24/1984,32.0,N,109,HOU,Houston,Rockets,43,25,9,35,14,2,2,Bobby Brown
10090,7.0,SF,8/24/1996,20.0,Y,82,BOS,Boston,Celtics,80,289,146,135,46,124,85,Jaylen Brown
10118,9.0,F,3/2/1993,24.0,Y,108,DAL,Dallas,Mavericks,74,46,23,95,29,22,17,Nicolas Brussino
9278,24.0,SF,8/22/1978,38.0,N,105,LAL,Los Angeles,Lakers,1,0,0,0,0,0,0,Kobe Bryant
9204,25.0,SF,3/16/1991,26.0,N,88,DET,Detroit,Pistons,40,55,26,73,28,7,5,Reggie Bullock
9504,31.0,PG,11/12/1992,24.0,N,94,WAS,Washington,Wizards,64,184,85,70,31,29,22,Trey Burke
9507,10.0,SG,7/20/1991,25.0,N,98,UTA,Utah,Jazz,47,172,74,76,25,78,60,Alec Burks
9465,31.0,SF,3/13/1980,37.0,N,103,SAC,Sacramento,Kings,2,0,0,0,0,0,0,Caron Butler
9152,21.0,SG,9/14/1989,27.0,N,89,CHI,Chicago,Bulls,79,1004,479,248,91,676,585,Jimmy Butler
9494,20.0,SF,9/21/1995,21.0,N,81,TOR,Toronto,Raptors,15,10,4,6,2,0,0,Bruno Caboclo
9370,29.0,PG,9/27/1981,35.0,N,91,ATL,Atlanta,Hawks,52,70,35,64,20,12,11,Jose Calderon
9203,5.0,SG,2/18/1993,24.0,N,88,DET,Detroit,Pistons,79,491,217,437,153,185,154,Kentavious Caldwell-Pope
9414,0.0,SG,5/21/1991,25.0,N,89,CHI,Chicago,Bulls,55,79,38,94,25,33,30,Isaiah Canaan
9237,15.0,C,5/18/1994,22.0,N,109,HOU,Houston,Rockets,69,562,362,0,0,177,94,Clint Capela
9496,5.0,SF,7/27/1986,30.0,N,81,TOR,Toronto,Raptors,79,229,111,320,109,117,89,DeMarre Carroll
9292,15.0,SG,1/26/1977,40.0,N,107,MEM,Memphis,Grizzlies,76,194,81,296,112,115,88,Vince Carter
9327,7.0,PG,10/10/1991,25.0,N,89,CHI,Chicago,Bulls,50,242,97,64,15,77,58,Michael Carter-Williams
9462,18.0,SF,6/21/1988,28.0,N,100,MIN,Minnesota,Timberwolves,45,122,62,43,15,29,17,Omri Casspi
9461,0.0,C,8/18/1993,23.0,N,103,SAC,Sacramento,Kings,78,479,255,2,0,151,101,Willie Cauley-Stein
9435,4.0,C,10/2/1982,34.0,N,104,PHX,Phoenix,Suns,53,228,153,0,0,124,91,Tyson Chandler
9188,21.0,F,5/10/1987,30.0,N,99,DEN,Denver,Nuggets,77,614,323,326,110,194,141,Wilson Chandler
10144,,F,7/2/1997,19.0,Y,104,PHX,Phoenix,Suns,82,408,212,224,72,181,113,Marquese Chriss
9258,25.0,PF,12/1/1991,25.0,N,87,IND,Indiana,Pacers,40,42,19,0,0,29,21,Rakeem Christmas
10088,6.0,G,11/1/1992,24.0,Y,96,OKL,Oklahoma City,Thunder,70,161,65,63,12,31,17,Semaj Christon
9230,21.0,SG,3/7/1991,26.0,N,101,GSW,Golden State,Warriors,82,270,150,163,61,58,44,Ian Clark
9283,6.0,SG,6/7/1992,24.0,N,105,LAL,Los Angeles,Lakers,82,713,360,356,117,168,134,Jordan Clarkson
9363,30.0,PG,10/13/1988,28.0,N,96,OKL,Oklahoma City,Thunder,19,39,13,13,3,10,8,Norris Cole
9460,7.0,PG,8/23/1987,29.0,N,103,SAC,Sacramento,Kings,72,540,267,173,73,171,147,Darren Collison
9389,4.0,PF,10/26/1980,36.0,N,96,OKL,Oklahoma City,Thunder,34,22,14,1,0,8,5,Nick Collison
9296,11.0,PG,10/11/1987,29.0,N,107,MEM,Memphis,Grizzlies,73,590,293,419,171,368,316,Mike Conley
9456,5.0,SG,1/6/1993,24.0,N,97,POR,Portland,Trail Blazers,58,39,20,33,17,9,7,Pat Connaughton
11981,,PG,3/23/1993,24.0,N,110,NOP,New Orleans,Pelicans,18,39,22,26,11,5,2,Quinn Cook
9457,15.0,C,8/12/1990,26.0,N,110,NOP,New Orleans,Pelicans,78,1069,516,364,131,670,517,DeMarcus Cousins
9420,33.0,SF,12/14/1990,26.0,N,85,PHI,Philadelphia,76ers,71,320,155,413,137,174,143,Robert Covington
9448,23.0,SG,4/9/1992,25.0,N,97,POR,Portland,Trail Blazers,81,345,169,302,134,124,105,Allen Crabbe
9662,1.0,SG,10/18/1990,26.0,Y,81,TOR,Toronto,Raptors,1,0,0,0,0,0,0,Drew Crawford
9263,11.0,SG,3/20/1980,37.0,N,102,LAC,Los Angeles,Clippers,82,548,243,322,116,203,174,Jamal Crawford
12221,,SG,,,Y,110,NOP,New Orleans,Pelicans,20,123,68,95,37,26,20,Jordan Crawford
9107,99.0,SF,7/6/1990,26.0,N,82,BOS,Boston,Celtics,74,326,176,394,157,217,176,Jae Crowder
9359,44.0,SF,4/22/1987,30.0,N,110,NOP,New Orleans,Pelicans,71,178,103,181,71,27,16,Dante Cunningham
9467,30.0,PG,8/23/1990,26.0,N,108,DAL,Dallas,Mavericks,73,381,201,321,137,100,85,Seth Curry
9218,30.0,PG,3/14/1988,29.0,N,101,GSW,Golden State,Warriors,82,654,351,790,324,362,325,Stephen Curry
9136,30.0,SG,7/15/1991,25.0,N,107,MEM,Memphis,Grizzlies,74,140,47,356,138,54,43,Troy Daniels
9354,23.0,PF,3/11/1993,24.0,N,110,NOP,New Orleans,Pelicans,80,1391,730,134,40,647,519,Anthony Davis
10132,23.0,F,12/2/1996,20.0,Y,107,MEM,Memphis,Grizzlies,50,47,24,0,0,18,10,Deyonta Davis
9453,17.0,PF,6/5/1989,27.0,N,97,POR,Portland,Trail Blazers,54,142,75,0,0,81,50,Ed Davis
9274,22.0,PF,2/1/1993,24.0,N,95,ORL,Orlando,Magic,2,0,0,0,0,0,0,Branden Dawson
9404,3.0,C,8/12/1989,27.0,N,106,SAS,San Antonio,Spurs,77,259,161,0,0,93,65,Dewayne Dedmon
9238,7.0,SF,5/6/1994,23.0,N,109,HOU,Houston,Rockets,78,242,143,187,60,68,38,Sam Dekker
10154,5.0,G,3/11/1989,28.0,Y,91,ATL,Atlanta,Hawks,76,278,119,109,26,93,75,Malcolm Delaney
9166,8.0,PG,9/8/1990,26.0,N,90,MIL,Milwaukee,Bucks,78,317,129,217,79,96,82,Matthew Dellavedova
9307,19.0,PF,4/16/1985,32.0,N,105,LAL,Los Angeles,Lakers,61,261,113,164,51,63,46,Luol Deng
9489,10.0,SG,8/7/1989,27.0,N,81,TOR,Toronto,Raptors,77,1421,688,124,33,647,545,DeMar DeRozan
10137,13.0,F,9/13/1996,20.0,Y,110,NOP,New Orleans,Pelicans,29,75,36,1,0,21,15,Cheick Diallo
9473,33.0,PF,4/16/1982,35.0,N,98,UTA,Utah,Jazz,75,246,126,81,20,35,26,Boris Diaw
9340,5.0,C,1/18/1990,27.0,N,100,MIN,Minnesota,Timberwolves,82,618,316,42,16,167,136,Gorgui Dieng
9209,18.0,PG,4/6/1993,24.0,N,84,BRO,Brooklyn,Nets,61,202,96,101,38,159,126,Spencer Dinwiddie
9364,16.0,PG,3/16/1986,31.0,N,107,MEM,Memphis,Grizzlies,28,75,36,42,7,29,24,Toney Douglas
9314,7.0,PG,5/6/1986,31.0,N,92,MIA,Miami,Heat,78,835,417,290,117,377,298,Goran Dragic
9202,0.0,C,8/10/1993,23.0,N,88,DET,Detroit,Pistons,82,902,480,7,2,355,137,Andre Drummond
9528,1.0,PF,7/10/1985,31.0,N,104,PHX,Phoenix,Suns,69,143,80,203,77,65,43,Jared Dudley
9482,21.0,C,4/25/1976,41.0,N,106,SAS,San Antonio,Spurs,1,0,0,0,0,0,0,Tim Duncan
9153,34.0,SF,9/15/1980,36.0,N,91,ATL,Atlanta,Hawks,62,86,40,134,53,45,36,Mike Dunleavy
10129,3.0,G,3/18/1994,23.0,Y,100,MIN,Minnesota,Timberwolves,79,240,97,73,21,59,36,Kris Dunn
9386,35.0,SF,9/29/1988,28.0,N,101,GSW,Golden State,Warriors,64,714,434,312,117,384,336,Kevin Durant
9530,8.0,SF,10/30/1991,25.0,N,104,PHX,Phoenix,Suns,7,3,2,16,4,9,8,Jarell Eddie
10120,8.0,F,1/13/1997,20.0,Y,88,DET,Detroit,Pistons,29,30,13,34,10,8,4,Henry Ellenson
9121,21.0,SG,10/29/1987,29.0,N,92,MIA,Miami,Heat,64,161,82,394,149,43,37,Wayne Ellington
9253,11.0,SG,10/26/1985,31.0,N,87,IND,Indiana,Pacers,75,422,204,135,43,128,93,Monta Ellis
9418,21.0,C,3/16/1994,23.0,Y,85,PHI,Philadelphia,76ers,46,331,164,98,36,244,191,Joel Embiid
9330,6.0,PG,8/24/1994,22.0,N,105,LAL,Los Angeles,Lakers,69,138,63,70,27,25,21,Tyler Ennis
9367,8.0,SF,7/1/1990,26.0,N,107,MEM,Memphis,Grizzlies,69,184,95,137,51,110,86,James Ennis III
9182,21.0,SF,10/24/1987,29.0,N,87,IND,Indiana,Pacers,1,0,0,0,0,0,0,Jeremy Evans
9356,1.0,SG,9/18/1989,27.0,N,103,SAC,Sacramento,Kings,52,252,108,118,42,92,69,Tyreke Evans
9509,11.0,G,7/13/1995,21.0,N,98,UTA,Utah,Jazz,74,215,111,149,44,73,58,Dante Exum
9189,35.0,PF,11/19/1989,27.0,N,99,DEN,Denver,Nuggets,68,409,228,6,0,189,131,Kenneth Faried
9305,20.0,PG,11/30/1986,30.0,N,103,SAC,Sacramento,Kings,3,3,0,9,4,0,0,Jordan Farmar
9505,15.0,PF,7/15/1991,25.0,N,98,UTA,Utah,Jazz,55,407,200,10,3,109,67,Derrick Favors
10161,20.0,G,3/29/1995,22.0,Y,86,CLE,Cleveland,Cavaliers,58,136,55,22,7,49,35,Kay Felder
9156,6.0,C,7/7/1992,24.0,N,89,CHI,Chicago,Bulls,73,222,128,0,0,93,60,Cristiano Felicio
9175,29.0,PG,6/26/1984,32.0,N,102,LAC,Los Angeles,Clippers,81,370,175,144,46,64,50,Raymond Felton
10179,11.0,G,5/8/1993,24.0,Y,108,DAL,Dallas,Mavericks,48,217,92,177,68,89,74,Yogi Ferrell
10117,10.0,F,5/4/1993,24.0,Y,108,DAL,Dallas,Mavericks,82,143,68,191,56,61,46,Dorian Finney-Smith
10110,11.0,G,7/23/1993,23.0,Y,106,SAS,San Antonio,Spurs,52,46,19,53,17,6,5,Bryn Forbes
9399,10.0,SF,10/29/1992,24.0,N,95,ORL,Orlando,Magic,73,569,280,359,128,277,223,Evan Fournier
9391,2.0,SG,9/24/1983,33.0,N,84,BRO,Brooklyn,Nets,72,122,51,203,67,63,54,Randy Foye
9366,2.0,PG,11/1/1990,26.0,N,110,NOP,New Orleans,Pelicans,72,276,123,128,40,129,98,Tim Frazier
9159,9.0,C,5/17/1983,34.0,N,86,CLE,Cleveland,Cavaliers,78,186,101,334,137,74,63,Channing Frye
9187,8.0,SF,8/8/1988,28.0,N,99,DEN,Denver,Nuggets,70,425,209,325,126,387,349,Danilo Gallinari
9372,21.0,PG,12/8/1991,25.0,N,103,SAC,Sacramento,Kings,79,237,87,308,120,64,51,Langston Galloway
11883,,SG,5/17/1993,24.0,Y,95,ORL,Orlando,Magic,5,2,0,5,0,0,0,Patricio Garino
9337,21.0,PF,5/18/1976,40.0,N,100,MIN,Minnesota,Timberwolves,1,0,0,0,0,0,0,Kevin Garnett
9295,33.0,C,1/29/1985,32.0,N,107,MEM,Memphis,Grizzlies,78,892,428,268,104,332,278,Marc Gasol
9149,16.0,C,7/6/1980,36.0,N,106,SAS,San Antonio,Spurs,68,500,247,104,56,184,130,Pau Gasol
9459,8.0,SF,8/17/1986,30.0,N,103,SAC,Sacramento,Kings,34,329,159,113,42,138,118,Rudy Gay
10121,9.0,F,6/5/1992,24.0,Y,88,DET,Detroit,Pistons,18,6,1,4,0,2,2,Michael Gbinije
9361,15.0,SF,5/29/1987,29.0,N,99,DEN,Denver,Nuggets,19,11,3,3,0,9,5,Alonzo Gee
9250,13.0,SF,5/2/1990,27.0,N,87,IND,Indiana,Pacers,78,853,427,495,195,374,336,Paul George
11748,24.0,G,3/28/1994,23.0,Y,95,ORL,Orlando,Magic,5,5,1,2,1,10,9,Marcus Georges-Hunt
11307,3.0,G,11/8/1987,29.0,Y,108,DAL,Dallas,Mavericks,21,50,20,45,15,29,21,Jonathan Gibson
9144,22.0,PF,6/24/1985,31.0,N,96,OKL,Oklahoma City,Thunder,82,695,362,13,3,158,113,Taj Gibson
9478,20.0,SG,7/28/1977,39.0,N,106,SAS,San Antonio,Spurs,80,212,82,227,89,107,86,Manu Ginobili
9503,27.0,C,6/26/1992,24.0,N,98,UTA,Utah,Jazz,82,622,413,1,0,476,311,Rudy Gobert
9429,8.0,PG,8/17/1994,22.0,N,84,BRO,Brooklyn,Nets,18,51,31,15,5,42,33,Archie Goodwin
9406,0.0,PF,9/16/1995,21.0,N,95,ORL,Orlando,Magic,81,597,316,267,77,217,156,Aaron Gordon
9352,10.0,SG,12/25/1988,28.0,N,109,HOU,Houston,Rockets,79,353,166,661,246,175,147,Eric Gordon
9519,13.0,C,2/17/1984,33.0,N,94,WAS,Washington,Wizards,82,672,390,2,0,159,103,Marcin Gortat
11719,,C,,,N,86,CLE,Cleveland,Cavaliers,1,0,0,0,0,0,0,X Gortat
10125,12.0,F,10/28/1993,23.0,Y,93,CHA,Charlotte,Hornets,48,25,10,15,9,15,10,Treveon Graham
9419,39.0,SF,3/12/1994,23.0,N,96,OKL,Oklahoma City,Thunder,82,212,109,116,43,147,90,Jerami Grant
9374,13.0,PG,10/9/1992,24.0,N,89,CHI,Chicago,Bulls,73,167,79,134,49,73,65,Jerian Grant
9477,14.0,SG,6/22/1987,29.0,N,106,SAS,San Antonio,Spurs,73,138,58,310,118,32,27,Danny Green
9228,23.0,PF,3/4/1990,27.0,N,101,GSW,Golden State,Warriors,82,388,191,263,81,213,151,Draymond Green
9517,18.0,PG,5/8/1991,26.0,N,98,UTA,Utah,Jazz,1,0,0,0,0,0,0,Erick Green
9316,14.0,SG,1/26/1986,31.0,N,82,BOS,Boston,Celtics,63,122,56,111,39,41,33,Gerald Green
9302,0.0,PF,6/21/1990,26.0,N,107,MEM,Memphis,Grizzlies,80,356,195,143,55,167,134,JaMychal Green
9271,8.0,SF,8/28/1986,30.0,N,95,ORL,Orlando,Magic,72,365,167,193,53,168,145,Jeff Green
9262,32.0,PF,3/16/1989,28.0,N,102,LAC,Los Angeles,Clippers,66,858,441,113,38,421,320,Blake Griffin
9141,12.0,PG,12/26/1988,28.0,N,93,CHA,Charlotte,Hornets,1,0,0,0,0,0,0,Jorge Gutierrez
9658,41.0,C,4/1/1990,27.0,N,84,BRO,Brooklyn,Nets,73,199,119,180,55,52,39,Justin Hamilton
9657,20.0,C,8/27/1992,24.0,N,108,DAL,Dallas,Mavericks,34,32,12,10,5,20,9,A.J. Hammons
9087,10.0,SG,3/16/1992,25.0,N,91,ATL,Atlanta,Hawks,81,495,266,417,149,214,164,Tim Hardaway Jr.
9232,13.0,SG,8/26/1989,27.0,N,109,HOU,Houston,Rockets,82,776,412,756,262,881,746,James Harden
9444,4.0,SF,5/11/1993,24.0,N,97,POR,Portland,Trail Blazers,81,431,246,194,68,124,77,Maurice Harkless
9563,,PF,8/30/1989,27.0,N,85,PHI,Philadelphia,76ers,4,5,3,7,2,0,0,Justin Harper
9244,35.0,PF,1/26/1994,23.0,N,109,HOU,Houston,Rockets,72,338,224,7,1,121,76,Montrezl Harrell
9176,34.0,PG,2/27/1983,34.0,N,108,DAL,Dallas,Mavericks,67,165,78,177,58,129,107,Devin Harris
9191,14.0,SG,9/14/1994,22.0,N,99,DEN,Denver,Nuggets,62,381,213,255,107,134,104,Gary Harris
9540,,SG,9/7/1991,25.0,N,84,BRO,Brooklyn,Nets,55,141,69,221,85,49,35,Joe Harris
12250,6.0,SG,9/21/1989,27.0,N,108,DAL,Dallas,Mavericks,6,12,3,1,0,4,2,Manny Harris
9212,34.0,PF,7/15/1992,24.0,N,88,DET,Detroit,Pistons,82,749,402,315,109,226,190,Tobias Harris
9140,9.0,SG,10/28/1994,22.0,N,93,CHA,Charlotte,Hornets,9,2,0,2,0,2,1,Aaron Harrison
10130,5.0,G,10/28/1994,22.0,Y,107,MEM,Memphis,Grizzlies,78,204,74,156,43,194,148,Andrew Harrison
9310,40.0,PF,6/9/1980,36.0,N,92,MIA,Miami,Heat,32,20,11,3,0,15,9,Udonis Haslem
9132,0.0,PF,4/27/1988,29.0,N,90,MIL,Milwaukee,Bucks,68,196,109,81,25,52,44,Spencer Hawes
9506,20.0,SF,3/23/1990,27.0,N,98,UTA,Utah,Jazz,78,780,396,374,149,429,362,Gordon Hayward
9450,9.0,SG,12/9/1987,29.0,N,85,PHI,Philadelphia,76ers,80,378,173,173,61,165,133,Gerald Henderson
9324,31.0,C,12/28/1990,26.0,N,90,MIL,Milwaukee,Bucks,67,309,159,1,0,107,74,John Henson
10101,14.0,C,5/27/1994,22.0,Y,83,NYK,New York,Knicks,79,448,242,15,4,125,91,Guillermo Hernangomez
10135,41.0,F,9/28/1995,21.0,Y,99,DEN,Denver,Nuggets,76,112,55,111,46,76,57,Juancho Hernangomez
9409,23.0,SF,2/25/1995,22.0,N,95,ORL,Orlando,Magic,75,186,74,144,43,50,40,Mario Hezonja
9277,55.0,C,12/9/1986,30.0,N,99,DEN,Denver,Nuggets,58,147,80,0,0,75,61,Roy Hibbert
9531,21.0,C,9/4/1988,28.0,N,94,WAS,Washington,Wizards,1,0,0,0,0,0,0,JJ Hickson
10136,24.0,G,12/16/1993,23.0,Y,103,SAC,Sacramento,Kings,82,389,179,379,148,76,64,Buddy Hield
9521,42.0,PF,,,N,109,HOU,Houston,Rockets,80,388,242,9,3,197,116,Nene Hilario
9248,3.0,PG,5/4/1986,31.0,N,98,UTA,Utah,Jazz,56,372,195,234,94,196,157,George Hill
9256,27.0,C,7/27/1987,29.0,N,100,MIN,Minnesota,Timberwolves,17,13,5,0,0,2,2,Jordan Hill
9251,40.0,SF,3/18/1991,26.0,N,110,NOP,New Orleans,Pelicans,81,206,89,270,94,128,103,Solomon Hill
9215,6.0,SG,4/13/1993,24.0,N,88,DET,Detroit,Pistons,57,80,35,46,12,28,21,Darrun Hilliard
9355,11.0,PG,6/12/1990,26.0,N,110,NOP,New Orleans,Pelicans,69,613,305,281,100,168,119,Jrue Holiday
9155,7.0,SG,4/5/1989,28.0,N,83,NYK,New York,Knicks,82,265,136,273,97,80,66,Justin Holiday
9116,24.0,SF,1/3/1995,22.0,N,84,BRO,Brooklyn,Nets,80,474,220,67,15,253,190,Rondae Hollis-Jefferson
9422,22.0,PF,10/15/1993,23.0,N,85,PHI,Philadelphia,76ers,66,335,203,77,27,103,72,Richaun Holmes
9510,5.0,SG,10/20/1992,24.0,N,98,UTA,Utah,Jazz,69,359,158,306,114,115,90,Rodney Hood
9082,15.0,C,6/3/1986,30.0,N,82,BOS,Boston,Celtics,72,559,293,242,86,135,108,Al Horford
10173,4.0,F,6/7/1993,23.0,Y,94,WAS,Washington,Wizards,3,0,0,0,0,0,0,Danuel House
9236,8.0,C,12/8/1985,31.0,N,91,ATL,Atlanta,Hawks,80,612,388,2,0,424,226,Dwight Howard
9290,9.0,PG,5/25/1983,33.0,N,105,LAL,Los Angeles,Lakers,37,49,21,19,4,17,9,Marcelo Huertas
9397,34.0,PF,12/19/1991,25.0,N,96,OKL,Oklahoma City,Thunder,5,7,4,4,2,1,0,Josh Huestis
9096,43.0,PF,2/6/1985,32.0,N,91,ATL,Atlanta,Hawks,69,160,68,54,19,82,64,Kris Humphries
9106,28.0,SG,10/24/1993,23.0,N,89,CHI,Chicago,Bulls,7,0,0,1,0,0,0,RJ Hunter
9388,7.0,PF,9/17/1989,27.0,N,81,TOR,Toronto,Raptors,82,665,347,317,124,125,107,Serge Ibaka
9223,9.0,SF,1/28/1984,33.0,N,101,GSW,Golden State,Warriors,82,238,155,177,64,102,72,Andre Iguodala
9400,7.0,PF,5/14/1987,30.0,N,91,ATL,Atlanta,Hawks,82,487,242,402,142,209,163,Ersan Ilyasova
9513,2.0,SF,10/1/1987,29.0,N,98,UTA,Utah,Jazz,82,172,81,279,123,68,50,Joe Ingles
10149,14.0,F,9/2/1997,19.0,Y,105,LAL,Los Angeles,Lakers,80,500,221,187,55,214,133,Brandon Ingram
9157,2.0,PG,3/23/1992,25.0,N,86,CLE,Cleveland,Cavaliers,78,979,494,441,177,328,297,Kyrie Irving
9113,2.0,PG,10/28/1983,33.0,N,110,NOP,New Orleans,Pelicans,4,2,2,1,0,2,2,Jarrett Jack
10119,9.0,G,9/7/1994,22.0,Y,82,BOS,Boston,Celtics,11,3,2,1,1,6,3,Demetrius Jackson
11641,,SG,8/29/1991,25.0,Y,108,DAL,Dallas,Mavericks,13,28,10,11,3,7,6,Pierre Jackson
9213,1.0,PG,4/16/1990,27.0,N,88,DET,Detroit,Pistons,53,493,218,184,66,136,118,Reggie Jackson
9158,23.0,SF,12/30/1984,32.0,N,86,CLE,Cleveland,Cavaliers,81,1002,612,342,124,531,358,LeBron James
9135,25.0,C,1/4/1985,32.0,N,87,IND,Indiana,Pacers,70,470,235,1,0,85,65,Al Jefferson
9164,24.0,SF,6/21/1980,36.0,N,86,CLE,Cleveland,Cavaliers,81,157,91,186,62,108,80,Richard Jefferson
9439,23.0,SG,3/6/1991,26.0,N,104,PHX,Phoenix,Suns,9,3,1,2,1,2,2,John Jenkins
9403,55.0,PG,9/23/1989,27.0,N,94,WAS,Washington,Wizards,83,282,113,252,79,152,114,Brandon Jennings
9108,8.0,PF,3/2/1987,30.0,N,82,BOS,Boston,Celtics,81,132,69,130,45,37,26,Jonas Jerebko
9109,90.0,PF,5/1/1987,30.0,N,82,BOS,Boston,Celtics,82,303,186,66,27,100,67,Amir Johnson
10086,10.0,F,6/27/1994,22.0,Y,102,LAC,Los Angeles,Clippers,5,7,2,0,0,0,0,Brice Johnson
9493,3.0,PF,2/20/1987,30.0,N,92,MIA,Miami,Heat,80,510,281,252,87,215,152,James Johnson
9319,6.0,SF,6/29/1981,35.0,N,98,UTA,Utah,Jazz,80,366,167,259,106,77,63,Joe Johnson
9210,3.0,SF,5/29/1996,20.0,N,88,DET,Detroit,Pistons,82,211,84,154,45,53,36,Stanley Johnson
9311,8.0,SG,5/6/1992,25.0,N,92,MIA,Miami,Heat,79,577,264,252,93,254,195,Tyler Johnson
9269,33.0,SF,7/11/1987,29.0,N,102,LAC,Los Angeles,Clippers,74,82,44,118,29,17,11,Wesley Johnson
9196,15.0,C,2/19/1995,22.0,N,99,DEN,Denver,Nuggets,77,717,449,139,45,228,188,Nikola Jokic
9171,30.0,SF,12/26/1980,36.0,N,86,CLE,Cleveland,Cavaliers,1,0,0,0,0,0,0,Dahntay Jones
10172,15.0,C,6/30/1995,21.0,Y,101,GSW,Golden State,Warriors,16,16,8,0,0,10,3,Damian Jones
9165,1.0,SF,10/4/1980,36.0,N,86,CLE,Cleveland,Cavaliers,69,32,16,68,31,24,16,James Jones
9233,14.0,PF,1/8/1992,25.0,N,90,MIL,Milwaukee,Bucks,61,416,212,75,19,170,103,Terrence Jones
9347,1.0,PG,5/10/1996,21.0,N,100,MIN,Minnesota,Timberwolves,71,108,49,73,26,43,33,Tyus Jones
10146,10.0,F,2/15/1997,20.0,Y,104,PHX,Phoenix,Suns,38,109,65,11,3,41,29,"Derrick Jones, Jr."
9268,6.0,C,7/21/1988,28.0,N,102,LAC,Los Angeles,Clippers,82,575,412,2,0,425,205,DeAndre Jordan
9498,6.0,SG,8/20/1991,25.0,N,81,TOR,Toronto,Raptors,82,526,251,135,48,122,94,Cory Joseph
9137,44.0,C,4/4/1993,24.0,N,93,CHA,Charlotte,Hornets,76,448,204,354,116,156,118,Frank Kaminsky
9396,11.0,C,5/20/1992,24.0,N,96,OKL,Oklahoma City,Thunder,74,699,397,38,5,285,224,Enes Kanter
9281,30.0,PF,4/9/1991,26.0,N,91,ATL,Atlanta,Hawks,28,18,4,10,4,6,5,Ryan Kelly
9128,14.0,SF,9/26/1993,23.0,N,93,CHA,Charlotte,Hornets,82,609,294,9,1,194,152,Michael Kidd-Gilchrist
9125,6.0,SG,1/6/1990,27.0,N,84,BRO,Brooklyn,Nets,73,426,200,308,105,242,204,Sean Kilpatrick
9436,3.0,SG,12/2/1991,25.0,N,104,PHX,Phoenix,Suns,58,385,164,139,45,154,132,Brandon Knight
9089,26.0,SG,3/17/1981,36.0,N,86,CLE,Cleveland,Cavaliers,73,155,77,359,162,42,38,Kyle Korver
9463,41.0,C,2/24/1989,28.0,N,103,SAC,Sacramento,Kings,75,391,216,1,0,62,38,Kosta Koufos
10103,91.0,F,10/19/1989,27.0,Y,83,NYK,New York,Knicks,77,200,104,168,54,68,55,Mindaugas Kuzminskas
10140,3.0,F,3/18/1996,21.0,Y,103,SAC,Sacramento,Kings,42,209,114,8,3,74,52,Skal Labissiere
9131,3.0,SG,5/30/1992,24.0,N,93,CHA,Charlotte,Hornets,66,345,185,146,41,129,110,Jeremy Lamb
9415,7.0,PF,9/19/1983,33.0,N,85,PHI,Philadelphia,76ers,1,0,0,0,0,0,0,Carl Landry
10111,27.0,G,1/31/1990,27.0,Y,106,SAS,San Antonio,Spurs,25,20,10,27,10,9,9,Nicolas Laprovittola
9193,77.0,C,9/30/1991,25.0,N,89,CHI,Chicago,Bulls,78,237,115,98,33,73,46,Joffrey Lauvergne
9343,8.0,SG,3/10/1995,22.0,N,100,MIN,Minnesota,Timberwolves,50,400,206,310,120,140,117,Zach LaVine
9261,10.0,G,11/3/1987,29.0,N,103,SAC,Sacramento,Kings,78,404,203,118,34,217,173,Ty Lawson
10107,10.0,F,3/7/1994,23.0,Y,97,POR,Portland,Trail Blazers,50,38,13,51,13,17,13,Jake Layman
9127,1.0,SG,10/3/1985,31.0,N,83,NYK,New York,Knicks,79,436,213,268,108,98,85,Courtney Lee
9186,42.0,PF,4/29/1983,34.0,N,106,SAS,San Antonio,Spurs,82,420,248,0,0,113,80,David Lee
9431,21.0,C,6/16/1993,23.0,N,104,PHX,Phoenix,Suns,81,450,227,12,3,208,150,Alex Len
9476,2.0,SF,6/29/1991,25.0,N,106,SAS,San Antonio,Spurs,80,925,489,387,147,533,469,Kawhi Leonard
9446,11.0,PF,2/27/1992,25.0,N,97,POR,Portland,Trail Blazers,82,166,72,213,74,40,35,Meyers Leonard
9432,30.0,PF,5/14/1989,28.0,N,88,DET,Detroit,Pistons,78,480,262,167,49,113,98,Jon Leuer
9659,22.0,G,8/25/1994,22.0,N,84,BRO,Brooklyn,Nets,62,197,112,183,59,93,67,Caris Levert
10104,14.0,G,3/31/1988,29.0,N,108,DAL,Dallas,Mavericks,75,96,38,46,17,40,25,DeAndre Liggins
9445,0.0,PG,7/15/1990,26.0,N,97,POR,Portland,Trail Blazers,77,910,447,579,214,545,488,Damian Lillard
9138,7.0,SG,8/23/1988,28.0,N,84,BRO,Brooklyn,Nets,42,244,117,156,58,141,115,Jeremy Lin
9224,34.0,PG,9/11/1985,31.0,N,101,GSW,Golden State,Warriors,81,312,172,2,1,60,42,Shaun Livingston
11957,,PF,1/29/1993,24.0,N,85,PHI,Philadelphia,76ers,20,89,54,19,7,35,19,Shawn Long
9227,36.0,PF,2/6/1996,21.0,N,101,GSW,Golden State,Warriors,69,98,54,9,2,34,21,Kevon Looney
9118,11.0,C,4/1/1988,29.0,N,84,BRO,Brooklyn,Nets,81,787,421,386,134,364,295,Brook Lopez
9378,8.0,C,4/1/1988,29.0,N,89,CHI,Chicago,Bulls,82,773,382,2,0,104,75,Robin Lopez
9161,0.0,PF,9/7/1988,28.0,N,86,CLE,Cleveland,Cavaliers,68,478,225,389,145,295,257,Kevin Love
9490,7.0,PG,3/25/1986,31.0,N,81,TOR,Toronto,Raptors,62,450,233,468,193,365,299,Kyle Lowry
10128,11.0,G,11/21/1982,34.0,N,100,MIN,Minnesota,Timberwolves,9,3,1,1,0,0,0,John Lucas III
10139,20.0,G,5/9/1995,22.0,Y,85,PHI,Philadelphia,76ers,75,199,95,161,50,123,105,Timothe Luwawu-Cabarrot
9512,41.0,PF,11/5/1995,21.0,N,98,UTA,Utah,Jazz,78,235,94,204,65,79,57,Trey Lyles
9502,8.0,PG,4/22/1990,27.0,N,98,UTA,Utah,Jazz,58,261,133,120,37,77,53,Shelvin Mack
9249,28.0,C,11/5/1986,30.0,N,94,WAS,Washington,Wizards,33,110,65,0,0,75,43,Ian Mahinmi
10126,7.0,F,2/25/1997,20.0,Y,90,MIL,Milwaukee,Bucks,68,107,55,74,28,49,32,Thon Maker
9484,40.0,C,8/15/1988,28.0,N,88,DET,Detroit,Pistons,54,132,72,0,0,58,47,Boban Marjanovic
9424,5.0,PG,8/19/1991,25.0,N,85,PHI,Philadelphia,76ers,1,0,0,0,0,0,0,Kendall Marshall
9303,10.0,PF,5/24/1994,22.0,N,107,MEM,Memphis,Grizzlies,44,126,49,26,9,50,40,Jarell Martin
9179,23.0,SG,10/14/1986,30.0,N,108,DAL,Dallas,Mavericks,79,368,159,479,174,179,146,Wesley Matthews
9275,12.0,PF,9/9/1986,30.0,N,102,LAC,Los Angeles,Clippers,81,268,148,110,43,87,59,Luc Mbah a Moute
9226,20.0,PF,1/4/1993,24.0,N,101,GSW,Golden State,Warriors,55,110,60,8,2,42,21,James Michael McAdoo
9546,5.0,PG,6/12/1991,25.0,N,93,CHA,Charlotte,Hornets,1,0,0,0,0,0,0,Ray McCallum
10112,,G,10/25/1995,21.0,Y,101,GSW,Golden State,Warriors,76,122,65,123,41,37,29,Patrick McCaw
10152,9.0,G,12/21/1992,24.0,Y,94,WAS,Washington,Wizards,42,45,23,30,7,27,23,Sheldon McClellan
9447,3.0,SG,9/19/1991,25.0,N,97,POR,Portland,Trail Blazers,81,1001,507,440,185,294,268,CJ McCollum
9423,12.0,PG,3/25/1992,25.0,N,85,PHI,Philadelphia,76ers,82,457,225,55,11,90,73,TJ McConnell
9117,1.0,PF,2/5/1995,22.0,N,94,WAS,Washington,Wizards,29,25,15,7,1,5,3,Chris McCullough
9242,32.0,SF,2/9/1993,24.0,N,84,BRO,Brooklyn,Nets,69,103,57,67,20,38,32,KJ McDaniels
9148,3.0,SF,1/3/1992,25.0,N,96,OKL,Oklahoma City,Thunder,70,289,145,209,77,84,71,Doug McDermott
9393,33.0,PF,6/6/1992,24.0,N,96,OKL,Oklahoma City,Thunder,1,0,0,0,0,0,0,Mitch McGary
9173,11.0,C,1/19/1988,29.0,N,101,GSW,Golden State,Warriors,81,316,208,3,0,111,56,JaVale McGee
9663,77.0,SG,7/29/1991,25.0,N,92,MIA,Miami,Heat,81,240,117,219,73,71,44,Rodney McGruder
9458,23.0,SG,2/11/1993,24.0,N,103,SAC,Sacramento,Kings,72,250,115,169,65,93,70,Ben McLemore
9170,12.0,PG,3/28/1991,26.0,N,86,CLE,Cleveland,Cavaliers,50,99,40,51,18,34,27,Jordan McRae
9309,4.0,PF,2/28/1987,30.0,N,92,MIA,Miami,Heat,26,87,31,31,13,9,6,Josh McRoberts
9206,20.0,SG,8/21/1987,29.0,N,95,ORL,Orlando,Magic,39,119,47,137,56,74,65,Jodie Meeks
9185,50.0,C,6/15/1986,30.0,N,108,DAL,Dallas,Mavericks,81,134,87,3,1,61,36,Salah Mejri
9110,55.0,PF,7/9/1994,22.0,N,82,BOS,Boston,Celtics,39,33,15,1,0,14,8,Jordan Mickey
9334,22.0,SG,8/12/1991,25.0,N,90,MIL,Milwaukee,Bucks,32,229,105,104,45,92,81,Khris Middleton
9247,0.0,SF,4/18/1987,30.0,N,87,IND,Indiana,Pacers,77,238,112,409,169,93,84,CJ Miles
9199,3.0,SF,2/19/1980,37.0,N,99,DEN,Denver,Nuggets,40,3,1,20,8,2,2,Mike Miller
9474,8.0,PG,8/11/1988,28.0,N,106,SAS,San Antonio,Spurs,82,266,126,355,147,80,66,Patty Mills
9538,,SG,8/11/1987,29.0,N,104,PHX,Phoenix,Suns,2,5,1,2,0,2,1,Elijah Millsap
9093,4.0,PF,2/10/1985,32.0,N,91,ATL,Atlanta,Hawks,73,731,355,241,75,405,311,Paul Millsap
9146,44.0,PF,2/11/1991,26.0,N,89,CHI,Chicago,Bulls,75,247,129,377,129,128,99,Nikola Mirotic
9335,15.0,C,6/4/1990,26.0,N,90,MIL,Milwaukee,Bucks,82,722,387,4,0,239,177,Greg Monroe
9147,55.0,SG,2/28/1989,28.0,N,110,NOP,New Orleans,Pelicans,78,413,206,207,77,74,57,E'Twaun Moore
9207,13.0,SF,9/2/1989,27.0,N,88,DET,Detroit,Pistons,82,650,303,357,118,185,145,Marcus Morris
9520,5.0,PF,9/2/1989,27.0,N,94,WAS,Washington,Wizards,81,693,335,196,71,215,180,Markieff Morris
9392,2.0,SG,9/27/1985,31.0,N,89,CHI,Chicago,Bulls,58,118,57,133,41,37,34,Anthony Morrow
9234,20.0,PF,9/20/1990,26.0,N,110,NOP,New Orleans,Pelicans,42,91,46,47,11,49,25,Donatas Motiejunas
9160,20.0,C,7/16/1986,30.0,N,105,LAL,Los Angeles,Lakers,59,327,169,1,0,78,63,Timofey Mozgov
9194,0.0,PG,3/5/1996,21.0,N,99,DEN,Denver,Nuggets,66,374,152,178,56,167,131,Emmanuel Mudiay
9339,15.0,SF,11/13/1992,24.0,N,100,MIN,Minnesota,Timberwolves,80,452,239,146,49,190,147,Shabazz Muhammad
10165,5.0,G,9/19/1996,20.0,Y,106,SAS,San Antonio,Spurs,53,93,41,23,9,30,21,Dejounte Murray
10134,27.0,G,2/23/1997,20.0,Y,99,DEN,Denver,Nuggets,82,385,180,344,115,120,106,Jamal Murray
9092,31.0,C,7/1/1991,25.0,N,91,ATL,Atlanta,Hawks,72,227,124,110,46,64,49,Mike Muscala
9286,7.0,PF,1/1/1993,24.0,N,105,LAL,Los Angeles,Lakers,66,327,180,36,10,80,59,Larry Nance Jr.
9405,13.0,PG,7/14/1991,25.0,N,97,POR,Portland,Trail Blazers,69,91,39,92,34,49,38,Shabazz Napier
9661,,F,6/18/1992,24.0,Y,83,NYK,New York,Knicks,47,77,38,7,1,26,19,Maurice Ndour
9535,,PG,10/3/1984,32.0,N,91,ATL,Atlanta,Hawks,3,5,0,2,0,4,4,Gary Neal
9195,1.0,PG,2/9/1982,35.0,N,99,DEN,Denver,Nuggets,78,331,162,273,106,63,45,Jameer Nelson
12198,42.0,C,,,N,109,HOU,Houston,Rockets,19,0,0,0,0,0,0,Maybyner Nene
9514,25.0,PG,5/19/1992,24.0,N,98,UTA,Utah,Jazz,60,61,31,31,10,9,8,Raul Neto
10162,32.0,F,6/17/1993,23.0,Y,87,IND,Indiana,Pacers,35,24,8,12,1,2,2,George Niang
9401,44.0,PF,12/7/1989,27.0,N,84,BRO,Brooklyn,Nets,60,84,38,27,5,14,9,Andrew Nicholson
9143,13.0,C,2/25/1985,32.0,N,83,NYK,New York,Knicks,51,201,99,1,0,78,34,Joakim Noah
9413,4.0,C,4/9/1994,23.0,N,108,DAL,Dallas,Mavericks,56,309,184,1,0,111,77,Nerlens Noel
9487,92.0,C,7/26/1992,24.0,N,81,TOR,Toronto,Raptors,69,144,100,12,3,67,44,Lucas Nogueira
9336,6.0,PF,6/13/1983,33.0,N,90,MIL,Milwaukee,Bucks,14,1,1,6,1,0,0,Steve Novak
9172,41.0,PF,6/19/1978,38.0,N,108,DAL,Dallas,Mavericks,61,469,217,209,79,112,98,Dirk Nowitzki
9192,23.0,C,8/23/1994,22.0,N,97,POR,Portland,Trail Blazers,73,533,271,1,0,210,120,Jusuf Nurkic
12199,11.0,G,,,Y,105,LAL,Los Angeles,Lakers,21,76,46,5,1,39,25,David Nwaba
9332,77.0,PF,6/1/1993,23.0,N,93,CHA,Charlotte,Hornets,15,24,12,6,3,6,5,Johnny O'Bryant III
10153,32.0,F,12/15/1993,23.0,Y,94,WAS,Washington,Wizards,34,27,12,0,0,2,0,Daniel Ochefu
9421,8.0,C,12/15/1995,21.0,N,85,PHI,Philadelphia,76ers,63,470,242,0,0,158,106,Jahlil Okafor
9402,25.0,SG,5/4/1992,25.0,N,96,OKL,Oklahoma City,Thunder,69,577,285,352,127,154,116,Victor Oladipo
9100,41.0,C,4/19/1991,26.0,N,82,BOS,Boston,Celtics,78,317,192,192,68,123,90,Kelly Olynyk
10116,21.0,F,7/13/1987,29.0,N,95,ORL,Orlando,Magic,15,4,2,0,0,0,0,Arinze Onuaku
10164,21.0,F,11/1/1996,20.0,Y,109,HOU,Houston,Rockets,9,7,5,0,0,4,4,Chinanu Onuaku
9376,9.0,PF,3/26/1990,27.0,N,83,NYK,New York,Knicks,82,396,213,17,2,83,64,Kyle O'Quinn
9526,12.0,SF,12/9/1995,21.0,N,94,WAS,Washington,Wizards,82,255,132,188,54,99,75,Kelly Oubre Jr.
9183,27.0,C,2/10/1984,33.0,N,101,GSW,Golden State,Warriors,72,305,164,1,0,126,98,Zaza Pachulia
10142,13.0,C,7/3/1997,19.0,Y,103,SAC,Sacramento,Kings,29,100,56,2,0,14,12,Georgios Papagiannis
9329,12.0,PF,3/15/1995,22.0,N,90,MIL,Milwaukee,Bucks,52,636,334,178,65,218,162,Jabari Parker
9472,9.0,PG,5/17/1982,35.0,N,106,SAS,San Antonio,Spurs,73,500,242,69,23,117,85,Tony Parker
9174,25.0,SF,10/25/1988,28.0,N,107,MEM,Memphis,Grizzlies,44,129,50,93,25,43,35,Chandler Parsons
9094,33.0,SG,8/12/1991,25.0,N,91,ATL,Atlanta,Hawks,9,9,2,6,1,3,2,Lamar Patterson
9488,54.0,PF,3/14/1989,28.0,N,81,TOR,Toronto,Raptors,70,131,60,253,94,60,43,Patrick Patterson
9265,3.0,PG,5/6/1985,32.0,N,102,LAC,Los Angeles,Clippers,64,483,250,302,124,260,232,Chris Paul
9344,33.0,PF,2/19/1991,26.0,N,100,MIN,Minnesota,Timberwolves,32,39,20,15,3,19,14,Adreian Payne
9394,22.0,PG,8/8/1994,22.0,N,89,CHI,Chicago,Bulls,36,107,37,86,27,8,5,Cameron Payne
9407,4.0,PG,2/22/1994,23.0,N,95,ORL,Orlando,Magic,82,764,390,146,40,211,146,Elfrid Payton
11882,,PG,12/1/1992,24.0,Y,90,MIL,Milwaukee,Bucks,6,13,7,9,1,5,3,Gary Payton II
9362,5.0,C,11/10/1984,32.0,N,110,NOP,New Orleans,Pelicans,1,0,0,0,0,0,0,Kendrick Perkins
9267,34.0,SF,10/13/1977,39.0,N,102,LAC,Los Angeles,Clippers,35,27,13,43,15,13,10,Paul Pierce
11127,40.0,C,7/14/1992,24.0,Y,83,NYK,New York,Knicks,32,29,16,0,0,19,8,Marshall Plumlee
9442,24.0,C,3/5/1990,27.0,N,99,DEN,Denver,Nuggets,82,619,334,6,0,300,174,Mason Plumlee
9322,18.0,C,8/31/1988,28.0,N,93,CHA,Charlotte,Hornets,55,92,44,0,0,39,25,Miles Plumlee
10122,42.0,C,10/15/1995,21.0,Y,81,TOR,Toronto,Raptors,66,115,67,0,0,57,31,Jakob Poeltl
9351,20.0,SG,3/10/1988,29.0,Y,110,NOP,New Orleans,Pelicans,1,0,0,0,0,0,0,Quincy Pondexter
9524,22.0,SF,6/3/1993,23.0,N,94,WAS,Washington,Wizards,81,461,266,342,148,119,99,Otto Porter Jr.
9151,5.0,PF,2/10/1995,22.0,N,89,CHI,Chicago,Bulls,71,279,151,96,32,59,39,Bobby Portis
9373,6.0,PF,8/2/1995,21.0,N,83,NYK,New York,Knicks,72,671,331,314,112,252,198,Kristaps Porzingis
9177,7.0,PF,7/20/1991,25.0,N,108,DAL,Dallas,Mavericks,82,303,173,74,21,141,107,Dwight Powell
9500,24.0,SG,5/25/1993,23.0,N,81,TOR,Toronto,Raptors,81,334,171,173,56,159,126,Norman Powell
11960,,C,9/6/1993,23.0,N,85,PHI,Philadelphia,76ers,6,35,19,19,6,10,8,Alex Poythress
9549,25.0,PG,2/17/1991,26.0,N,104,PHX,Phoenix,Suns,1,0,0,0,0,0,0,Phil Pressey
9437,14.0,PG,6/21/1983,33.0,N,104,PHX,Phoenix,Suns,19,7,1,17,3,4,3,Ronnie Price
10155,12.0,F,3/22/1994,23.0,Y,91,ATL,Atlanta,Hawks,70,184,81,102,33,94,74,Taurean Prince
10170,55.0,G,10/27/1994,22.0,Y,97,POR,Portland,Trail Blazers,25,16,8,13,5,3,0,Tim Quarterman
11699,5.0,PG,2/5/1993,24.0,Y,83,NYK,New York,Knicks,34,51,24,47,16,43,41,Chasson Randle
9282,30.0,PF,11/29/1994,22.0,N,105,LAL,Los Angeles,Lakers,78,711,360,63,17,282,204,Julius Randle
9294,50.0,PF,7/16/1981,35.0,N,107,MEM,Memphis,Grizzlies,76,870,412,94,21,193,141,Zach Randolph
9264,4.0,SG,6/24/1984,32.0,N,102,LAC,Los Angeles,Clippers,82,423,195,468,201,202,180,JJ Redick
9123,35.0,PF,5/16/1990,27.0,N,92,MIA,Miami,Heat,76,280,161,5,1,88,49,Willie Reed
9317,0.0,SG,9/15/1993,23.0,N,92,MIA,Miami,Heat,61,286,127,227,75,77,60,Josh Richardson
10141,5.0,G,1/5/1996,21.0,Y,103,SAC,Sacramento,Kings,32,40,20,28,8,19,15,Malachi Richardson
9270,25.0,SG,8/1/1992,24.0,N,102,LAC,Los Angeles,Clippers,77,432,212,299,111,191,132,Austin Rivers
9385,21.0,SG,12/4/1991,25.0,N,96,OKL,Oklahoma City,Thunder,81,280,170,183,45,111,47,Andre Roberson
9443,22.0,PG,12/3/1985,31.0,N,93,CHA,Charlotte,Hornets,55,78,29,44,17,39,33,Brian Roberts
9122,15.0,F,3/17/1991,26.0,N,105,LAL,Los Angeles,Lakers,60,195,105,1,0,66,31,Thomas Robinson
9257,40.0,SF,1/8/1994,23.0,N,87,IND,Indiana,Pacers,72,213,108,126,50,76,54,Glenn Robinson III
10114,14.0,G,6/12/1986,30.0,N,85,PHI,Philadelphia,76ers,72,284,118,252,92,27,18,Sergio Rodriguez
9464,9.0,PG,2/22/1986,31.0,N,89,CHI,Chicago,Bulls,75,428,179,133,50,50,30,Rajon Rondo
9142,1.0,PG,10/4/1988,28.0,N,83,NYK,New York,Knicks,70,917,447,60,13,253,221,Derrick Rose
9492,31.0,SF,2/4/1991,26.0,N,95,ORL,Orlando,Magic,80,355,184,391,142,77,64,Terrence Ross
9105,12.0,PG,3/17/1994,23.0,N,82,BOS,Boston,Celtics,79,232,94,179,57,66,51,Terry Rozier
9338,9.0,PG,10/21/1990,26.0,N,100,MIN,Minnesota,Timberwolves,79,453,201,195,60,285,254,Ricky Rubio
9345,3.0,SF,6/17/1986,30.0,N,95,ORL,Orlando,Magic,63,24,11,64,20,0,0,Damjan Rudez
9219,4.0,SG,7/7/1985,31.0,N,100,MIN,Minnesota,Timberwolves,54,74,26,114,44,18,13,Brandon Rush
9285,1.0,PG,2/23/1996,21.0,N,105,LAL,Los Angeles,Lakers,69,482,216,385,135,188,147,D'Angelo Russell
10113,3.0,PF,5/3/1996,21.0,Y,96,OKL,Oklahoma City,Thunder,82,322,141,159,51,67,44,Domantas Sabonis
11886,,C,11/21/1988,28.0,N,86,CLE,Cleveland,Cavaliers,9,4,1,0,0,2,2,Larry Sanders
10115,9.0,F,4/8/1994,23.0,Y,85,PHI,Philadelphia,76ers,82,586,275,341,106,218,170,Dario Saric
10151,31.0,G,10/30/1991,25.0,Y,94,WAS,Washington,Wizards,72,109,52,37,9,33,23,Tomas Satoransky
9084,17.0,PG,9/15/1993,23.0,N,91,ATL,Atlanta,Hawks,82,921,448,294,100,255,218,Dennis Schroder
9499,4.0,PF,4/30/1980,37.0,N,84,BRO,Brooklyn,Nets,49,101,54,50,17,37,25,Luis Scola
9083,32.0,PF,7/16/1988,28.0,N,91,ATL,Atlanta,Hawks,27,31,13,27,4,8,7,Mike Scott
9088,25.0,SF,5/2/1984,33.0,N,91,ATL,Atlanta,Hawks,65,274,133,120,41,75,55,Thabo Sefolosha
11988,,SG,9/30/1994,22.0,Y,107,MEM,Memphis,Grizzlies,17,30,18,28,7,22,14,Wayne Selden
9381,1.0,C,12/7/1989,27.0,N,87,IND,Indiana,Pacers,63,196,109,2,0,22,14,Kevin Seraphin
9518,7.0,PG,4/11/1986,31.0,N,93,CHA,Charlotte,Hornets,51,201,79,62,21,118,91,Ramon Sessions
9162,4.0,SG,6/26/1990,26.0,N,86,CLE,Cleveland,Cavaliers,79,227,107,262,94,90,71,Iman Shumpert
10123,43.0,F,4/2/1994,23.0,Y,81,TOR,Toronto,Raptors,64,198,102,7,1,32,22,Pascal Siakam
9483,17.0,SG,9/14/1989,27.0,N,106,SAS,San Antonio,Spurs,80,319,147,102,30,132,99,Jonathon Simmons
9126,14.0,C,3/27/1990,27.0,N,84,BRO,Brooklyn,Nets,1,0,0,0,0,0,0,Henry Sims
9395,5.0,SF,5/4/1988,29.0,N,96,OKL,Oklahoma City,Thunder,45,46,27,37,7,17,13,Kyle Singler
9102,36.0,PG,3/6/1994,23.0,N,82,BOS,Boston,Celtics,79,417,175,331,94,250,203,Marcus Smart
9425,11.0,PG,7/5/1988,28.0,N,88,DET,Detroit,Pistons,82,643,301,105,28,102,72,Ish Smith
9411,14.0,C,3/2/1986,31.0,N,94,WAS,Washington,Wizards,80,252,137,78,37,51,35,Jason Smith
9167,5.0,SG,9/9/1985,31.0,N,86,CLE,Cleveland,Cavaliers,45,85,28,271,95,15,10,J.R. Smith
9145,21.0,SF,11/10/1991,25.0,N,90,MIL,Milwaukee,Bucks,81,187,102,355,144,58,47,Tony Snell
9225,5.0,C,8/4/1987,29.0,N,102,LAC,Los Angeles,Clippers,82,269,141,277,103,137,120,Marreese Speights
9090,11.0,C,,,N,85,PHI,Philadelphia,76ers,13,25,12,6,2,11,9,Tiago Splitter
9417,11.0,SG,10/7/1993,23.0,N,85,PHI,Philadelphia,76ers,82,274,119,359,132,150,122,Nik Stauskas
9293,5.0,G,9/5/1990,26.0,N,87,IND,Indiana,Pacers,22,100,48,20,6,13,8,Lance Stephenson
9551,12.0,PF,1/7/1994,23.0,N,99,DEN,Denver,Nuggets,3,1,1,0,0,2,1,Jarnell Stokes
10159,,C,2/10/1997,20.0,Y,102,LAC,Los Angeles,Clippers,12,13,3,0,0,4,4,Diamond Stone
9255,2.0,PG,4/21/1986,31.0,N,87,IND,Indiana,Pacers,45,184,72,60,19,107,80,Rodney Stuckey
9098,0.0,PF,3/3/1992,25.0,N,104,PHX,Phoenix,Suns,17,30,12,18,3,8,4,Jared Sullinger
9095,22.0,C,3/21/1992,25.0,N,86,CLE,Cleveland,Cavaliers,4,5,4,0,0,3,0,Walter Tavares
11979,,PG,7/11/1994,22.0,N,109,HOU,Houston,Rockets,6,5,1,2,0,2,1,Isaiah Taylor
9091,44.0,PG,6/10/1988,28.0,N,87,IND,Indiana,Pacers,82,656,312,252,90,415,360,Jeff Teague
9438,35.0,PF,9/18/1985,31.0,N,90,MIL,Milwaukee,Bucks,79,113,52,305,104,45,35,Mirza Teletovic
9525,17.0,SF,5/8/1986,31.0,N,103,SAC,Sacramento,Kings,71,211,101,221,82,74,58,Garrett Temple
9243,3.0,SG,9/15/1977,39.0,N,90,MIL,Milwaukee,Bucks,80,72,32,171,73,29,24,Jason Terry
9101,4.0,PG,2/7/1989,28.0,N,82,BOS,Boston,Celtics,78,827,437,646,245,649,590,Isaiah Thomas
9382,42.0,PF,4/24/1988,29.0,N,83,NYK,New York,Knicks,51,159,59,85,38,51,43,Lance Thomas
9416,31.0,SG,4/3/1991,26.0,N,110,NOP,New Orleans,Pelicans,44,105,45,95,32,29,19,Hollis Thompson
9221,11.0,SG,2/8/1990,27.0,N,101,GSW,Golden State,Warriors,82,729,376,647,268,218,186,Klay Thompson
9169,13.0,PF,3/13/1991,26.0,N,86,CLE,Cleveland,Cavaliers,79,434,262,3,0,213,106,Tristan Thompson
11720,,C,,,N,94,WAS,Washington,Wizards,1,0,0,0,0,0,0,X Thompson
9532,15.0,SG,6/4/1987,29.0,N,84,BRO,Brooklyn,Nets,36,130,56,80,28,27,23,Marcus Thornton
11739,10.0,C,10/10/1994,22.0,Y,93,CHA,Charlotte,Hornets,3,4,1,0,0,0,0,Mike Tobey
9208,43.0,PF,6/1/1985,31.0,N,103,SAC,Sacramento,Kings,74,122,65,229,90,82,61,Anthony Tolliver
9201,6.0,SF,7/23/1992,24.0,N,110,NOP,New Orleans,Pelicans,6,5,4,4,1,0,0,Axel Toupane
9346,32.0,C,11/15/1995,21.0,N,100,MIN,Minnesota,Timberwolves,82,1204,701,275,101,428,356,Karl-Anthony Towns
9430,17.0,SF,5/5/1985,32.0,N,81,TOR,Toronto,Raptors,82,285,129,196,70,93,72,P.J. Tucker
9104,1.0,SG,10/27/1988,28.0,N,97,POR,Portland,Trail Blazers,67,433,204,118,31,103,85,Evan Turner
9252,33.0,C,3/24/1996,21.0,N,87,IND,Indiana,Pacers,82,753,404,117,40,303,245,Myles Turner
9541,19.0,G,7/5/1982,34.0,N,88,DET,Detroit,Pistons,49,165,81,32,11,34,32,Beno Udrih
10145,8.0,G,1/5/1996,21.0,Y,104,PHX,Phoenix,Suns,74,359,163,79,21,71,55,Tyler Ulis
11993,,SF,5/19/1993,23.0,N,108,DAL,Dallas,Mavericks,12,29,13,9,3,7,5,Jarrod Uthoff
9491,17.0,C,5/6/1992,25.0,N,81,TOR,Toronto,Raptors,81,700,390,2,1,217,176,Jonas Valanciunas
10157,45.0,G,11/16/1993,23.0,Y,89,CHI,Chicago,Bulls,67,80,29,208,73,18,14,Denzel Valentine
10124,23.0,G,2/25/1994,23.0,Y,81,TOR,Toronto,Raptors,53,81,28,29,11,22,18,Fred VanVleet
9231,18.0,C,9/27/1982,34.0,N,101,GSW,Golden State,Warriors,26,14,5,0,0,11,8,Anderson Varejao
9326,21.0,PG,1/16/1987,30.0,N,84,BRO,Brooklyn,Nets,4,5,1,3,1,3,2,Greivis Vasquez
9333,20.0,SG,8/16/1996,20.0,N,90,MIL,Milwaukee,Bucks,60,75,31,81,26,5,2,Rashad Vaughn
9181,3.0,PF,8/24/1984,32.0,N,108,DAL,Dallas,Mavericks,1,0,0,0,0,0,0,Charlie Villanueva
9451,21.0,PF,8/24/1995,21.0,N,97,POR,Portland,Trail Blazers,80,250,123,20,7,94,60,Noah Vonleh
9412,9.0,C,10/24/1990,26.0,N,95,ORL,Orlando,Magic,77,957,460,76,23,160,107,Nikola Vucevic
9380,18.0,SG,3/8/1984,33.0,N,83,NYK,New York,Knicks,62,62,19,74,23,24,17,Sasha Vujacic
9315,3.0,SG,1/17/1982,35.0,N,89,CHI,Chicago,Bulls,70,810,369,145,45,281,223,Dwyane Wade
9384,11.0,SG,12/10/1991,25.0,N,92,MIA,Miami,Heat,51,447,196,216,85,127,82,Dion Waiters
9129,15.0,PG,5/8/1990,27.0,N,93,CHA,Charlotte,Hornets,81,849,403,602,240,359,304,Kemba Walker
9522,2.0,PG,9/6/1990,26.0,N,94,WAS,Washington,Wizards,81,1162,558,272,89,527,422,John Wall
9433,12.0,SF,9/5/1993,23.0,N,104,PHX,Phoenix,Suns,70,715,377,98,26,154,119,TJ Warren
9410,32.0,PG,4/17/1984,33.0,N,95,ORL,Orlando,Magic,75,143,64,105,32,66,57,CJ Watson
9320,25.0,PG,12/28/1992,24.0,N,93,CHA,Charlotte,Hornets,26,50,24,10,1,16,11,Briante Weber
9479,3.0,PF,8/29/1980,36.0,N,101,GSW,Golden State,Warriors,69,244,132,8,3,56,43,David West
9387,0.0,PG,11/12/1988,28.0,N,96,OKL,Oklahoma City,Thunder,82,1357,624,583,200,840,710,Russell Westbrook
11706,15.0,F,,,Y,92,MIA,Miami,Heat,39,53,21,34,12,22,20,Okaro White
9660,15.0,G,3/8/1995,22.0,Y,84,BRO,Brooklyn,Nets,79,359,160,148,44,113,91,Isaiah Whitehead
9312,21.0,C,6/13/1989,27.0,N,92,MIA,Miami,Heat,80,973,542,0,0,358,225,Hassan Whiteside
9259,42.0,PF,3/27/1991,26.0,N,87,IND,Indiana,Pacers,1,0,0,0,0,0,0,Shayne Whittington
9342,22.0,SF,2/23/1995,22.0,N,100,MIN,Minnesota,Timberwolves,82,1279,606,289,103,542,412,Andrew Wiggins
9266,30.0,SG,12/30/1990,26.0,N,95,ORL,Orlando,Magic,38,16,5,15,3,2,2,CJ Wilcox
9441,15.0,PF,1/28/1993,24.0,N,104,PHX,Phoenix,Suns,63,266,138,1,0,112,70,Alan Williams
9184,8.0,PG,6/26/1984,32.0,N,86,CLE,Cleveland,Cavaliers,68,366,178,234,85,109,90,Deron Williams
9377,22.0,SF,5/25/1991,25.0,N,86,CLE,Cleveland,Cavaliers,69,147,78,97,30,89,58,Derrick Williams
9557,,SG,6/20/1989,27.0,N,107,MEM,Memphis,Grizzlies,14,8,4,4,2,4,0,Elliott Williams
9287,23.0,SG,10/26/1986,30.0,N,109,HOU,Houston,Rockets,81,553,264,445,163,457,402,Lou Williams
11652,,C,,,Y,109,HOU,Houston,Rockets,1,0,0,0,0,0,0,M Williams
9134,2.0,PF,6/19/1986,30.0,N,93,CHA,Charlotte,Hornets,77,350,173,353,124,150,131,Marvin Williams
11546,5.0,F,9/13/1986,30.0,N,110,NOP,New Orleans,Pelicans,9,12,3,11,5,7,6,Reggie Williams
11414,10.0,F,12/30/1994,22.0,Y,109,HOU,Houston,Rockets,28,96,51,58,16,28,21,Troy Williams
10148,30.0,F,10/20/1992,24.0,Y,109,HOU,Houston,Rockets,26,1,0,13,4,2,1,Kyle Wiltjer
9313,20.0,SF,3/26/1996,21.0,N,92,MIA,Miami,Heat,24,191,73,35,7,47,29,Justise Winslow
9516,24.0,C,3/7/1990,27.0,N,98,UTA,Utah,Jazz,67,102,55,1,0,48,36,Jeff Withey
9427,35.0,PF,9/27/1995,21.0,N,93,CHA,Charlotte,Hornets,23,18,12,5,0,15,11,Christian Wood
9291,37.0,SF,11/13/1979,37.0,N,105,LAL,Los Angeles,Lakers,43,30,10,38,9,16,10,Metta World Peace
9304,34.0,PF,10/5/1987,29.0,N,107,MEM,Memphis,Grizzlies,33,134,83,1,0,35,23,Brandan Wright
9495,55.0,PG,4/26/1992,25.0,N,81,TOR,Toronto,Raptors,27,85,39,30,10,55,42,Delon Wright
9383,5.0,G,4/12/1993,24.0,N,107,MEM,Memphis,Grizzlies,1,0,0,0,0,0,0,Tony Wroten
9103,13.0,SG,8/16/1995,21.0,N,82,BOS,Boston,Celtics,40,23,13,35,12,9,6,James Young
9260,1.0,PG,6/27/1992,24.0,N,87,IND,Indiana,Pacers,52,49,21,23,5,15,11,Joe Young
9280,0.0,SG,6/1/1985,31.0,N,105,LAL,Los Angeles,Lakers,64,212,102,420,170,90,77,Nick Young
9119,30.0,PF,6/21/1988,28.0,N,87,IND,Indiana,Pacers,75,569,317,118,45,86,45,Thaddeus Young
9130,40.0,C,10/5/1992,24.0,N,93,CHA,Charlotte,Hornets,67,442,253,1,0,196,133,Cody Zeller
9099,44.0,C,1/17/1990,27.0,N,82,BOS,Boston,Celtics,68,157,78,1,0,39,22,Tyler Zeller
10163,33.0,C,9/9/1996,20.0,Y,95,ORL,Orlando,Magic,31,31,10,0,0,5,3,Stephen Zimmerman
10158,16.0,F,2/18/1994,23.0,Y,89,CHI,Chicago,Bulls,55,122,55,99,33,40,31,Paul Zipser
10169,40.0,C,3/17/1997,20.0,Y,105,LAL,Los Angeles,Lakers,47,235,126,3,0,49,32,Ivica Zubac
